Workbook

Sheet INPUT SHEET
B2: INPUT DATA FOR BELT CONVEYORS
A4: SL.NO. | B4: CONVEYOR | C4: RATED CAPACITY (TPH) | D4: LIFT (M) | E4: C/C DISTANCE (M) | F4: BELT SPEED (M/SEC) | G4: TOTAL SKIRT LENGTH (M) | H4: TYPE OF TAKE-UP | I4: POWER
A5: 1 | B5: BC-603 | C5: 1500 | D5: 7 | E5: 60 | F5: 2.5 | G5: 3 | H5: gravity | I5: =POWER!B144 -> 110
I6: =POWER!B140 -> 95.453871
C10: Corrections done on 05.03.2016 for Rska & Rsk (Multifying factor 2 has been removed)
C12: This is final & correct

Sheet DATA BANK
A2: 1. TABLE FOR WEIGHT OF 3-ROLL IDLER SETS WITHOUT FRAMES (AS PER IPSS)
A4: Belt width in mm | B4: Dia. Of idler | C4: Wt. In N per roll for 3-roll set | D4: Flat idler weight in N
A6: 650 | B6: 101.6 | C6: 39 | D6: 74
A7: 650 | B7: 114.3 | C7: 46 | D7: 94 | G7: Diameter of idler | H7: {=_xlfn._xlws.FILTER($B$6:$B$26,$A$6:$A$26=POWER!B12)} -> 114.3
A8: 650 | B8: 127 | C8: 49 | D8: 101 | H8: 127
H9: 139.7
A10: 800 | B10: 114.3 | C10: 76 | D10: 151 | H10: 152.4
A11: 800 | B11: 127 | C11: 78 | D11: 162
A12: 800 | B12: 139.7 | C12: 79 | D12: 176
A13: 800 | B13: 152.4 | C13: 111 | D13: 194
A15: 1000 | B15: 114.3 | C15: 86 | D15: 181
A16: 1000 | B16: 127 | C16: 102 | D16: 192
A17: 1000 | B17: 139.7 | C17: 114 | D17: 207
A18: 1000 | B18: 152.4 | C18: 127 | D18: 222
A20: 1200 | B20: 114.3 | C20: 96 | D20: 213
A21: 1200 | B21: 127 | C21: 123 | D21: 229
A22: 1200 | B22: 139.7 | C22: 132 | D22: 247
A23: 1200 | B23: 152.4 | C23: 141 | D23: 266
A25: 1400 | B25: 139.7 | C25: 142 | D25: 280
A26: 1400 | B26: 152.4 | C26: 153 | D26: 315
A29: 2. BELT DETAILS | D29: (HEAVY DUTY)
A32: Belt type | B32: Nominal carcass thickness (mm) | C32: MRBT (kN/m) | D32: Minimum Pulley diameter for satisfactoiry flexing (mm)
D33: Drive | E33: Terminal tripper and high tension snub pulleys | F33: Low tension bend and snub pulleys
A35: 315/3 | B35: 4.2 | C35: 31 | D35: 450 | E35: 400 | F35: 300
A36: 630/3 | B36: 4 | C36: 63 | D36: 500 | E36: 450 | F36: 350
A37: 630/4 | B37: 6.7 | C37: 70 | D37: 650 | E37: 500 | F37: 400
A38: 800/4 | B38: 7.1 | C38: 90 | D38: 800 | E38: 650 | F38: 450
A39: 1250/4 | B39: 6.7 | C39: 140 | D39: 630 | E39: 500 | F39: 400
A41: 3. PULLEY SELECTION TABLE
A43: Carcass thickness (mm) | D43: RMBTC >60% UPTO 100%) | H43: RMBTC >30% UPTO 60%) | L43: RMBTC UPTO 30%)
A44: From | B44: To | D44: Drive | E44: Tail/Take-up/Bend | F44: Sunb | H44: Drive | I44: Tail/Take-up/Bend | J44: Sunb | L44: Drive | M44: Tail/Take-up/Bend | N44: Sunb
A46: - | B46: 1.1 | D46: 100 | E46: - | F46: - | H46: - | I46: - | J46: - | L46: - | M46: - | N46: -
A47: 1.2 | B47: 1.3 | D47: 125 | E47: 100 | F47: - | H47: 100 | I47: - | J47: - | L47: - | M47: - | N47: -
A48: 1.4 | B48: 1.7 | D48: 160 | E48: 125 | F48: 100 | H48: 125 | I48: 100 | J48: - | L48: 100 | M48: 100 | N48: -
A49: 1.8 | B49: 2.2 | D49: 200 | E49: 160 | F49: 125 | H49: 160 | I49: 125 | J49: 100 | L49: 125 | M49: 125 | N49: 100
A50: 2.3 | B50: 2.7 | D50: 250 | E50: 200 | F50: 160 | H50: 200 | I50: 160 | J50: 125 | L50: 160 | M50: 160 | N50: 125
A51: 2.8 | B51: 3.5 | D51: 315 | E51: 250 | F51: 200 | H51: 250 | I51: 200 | J51: 160 | L51: 200 | M51: 200 | N51: 160
A52: 3.6 | B52: 4.4 | D52: 400 | E52: 315 | F52: 250 | H52: 315 | I52: 250 | J52: 200 | L52: 250 | M52: 250 | N52: 200
A53: 4.5 | B53: 5.5 | D53: 500 | E53: 400 | F53: 315 | H53: 400 | I53: 315 | J53: 250 | L53: 315 | M53: 315 | N53: 250
A54: 5.6 | B54: 7 | D54: 630 | E54: 500 | F54: 400 | H54: 500 | I54: 400 | J54: 315 | L54: 400 | M54: 400 | N54: 315
A55: 7.1 | B55: 8.8 | D55: 800 | E55: 630 | F55: 500 | H55: 630 | I55: 500 | J55: 400 | L55: 500 | M55: 500 | N55: 400
A56: 8.9 | B56: 11.1 | D56: 1000 | E56: 800 | F56: 630 | H56: 800 | I56: 630 | J56: 500 | L56: 630 | M56: 630 | N56: 500
A57: 11.2 | B57: 13.8 | D57: 1250 | E57: 1000 | F57: 800 | H57: 1000 | I57: 800 | J57: 630 | L57: 800 | M57: 800 | N57: 630
A58: 13.9 | B58: 15.5 | D58: 1400 | E58: 1250 | F58: 1000 | H58: 1250 | I58: 1000 | J58: 800 | L58: 1000 | M58: 1000 | N58: 800
A59: 15.6 | B59: 17.7 | D59: 1600 | E59: 1250 | F59: 1000 | H59: 1250 | I59: 1000 | J59: 800 | L59: 1000 | M59: 1000 | N59: 800
A60: 17.8 | B60: 20 | D60: 1800 | E60: 1400 | F60: 1250 | H60: 1400 | I60: 1250 | J60: 1000 | L60: 1250 | M60: 1250 | N60: 1000
A63: 4. WEIGHT OF PULLEYS | D63: (IN N)
A65: Pulley diameter (mm) | B65: Drive | C65: Tail | D65: Snub
A66: 1200 | B66: 10000 | C66: 7000 | D66: 5000
A67: 1000 | B67: 8000 | C67: 6000 | D67: 4500
A68: 800 | B68: 7000 | C68: 5000 | D68: 4000
A69: 630 | B69: 6000 | C69: 4500 | D69: 4000
A70: 500 | B70: - | C70: 3000 | D70: 3000
A71: 400 | B71: - | C71: 3000 | D71: 3000
A74: 5. GEAR BOX REDUCTION RATIOS
A76: Ratio | B76: No. of Stages
A77: 1.25 | B77: Single stage
A78: 1.4 | B78: Single stage
A79: 1.6 | B79: Single stage
A80: 1.8 | B80: Single stage
A81: 2 | B81: Single stage
A82: 2.24 | B82: Single stage
A83: 2.5 | B83: Single stage
A84: 2.8 | B84: Single stage
A85: 3.15 | B85: Single stage
A86: 3.56 | B86: Single stage
A87: 4 | B87: Single stage
A88: 4.5 | B88: Single stage
... A116: 112 | B116: 3-Stage
A120: 6.CONVEYOR CAPACITY CALCULATIONS
A122: Surcharge angle = | B122: 25 | G122: Troughing angle= 35 | J122: Troughing angle= 20 | K122: Selected
A124: TPH as per IS | B124: b/w | C124: slope factor | D124: spillage factor | E124: bd | F124: speed | G124: x-area | H124: Maximum permissible TPH | J124: x-area | K124: Maximum permissible TPH
A126: 92.5 | B126: 500 | C126: 1 | D126: 1 | E126: 1 | F126: 1 | G126: 0.0257 | H126: =3600*G126*F126*E126 -> 92.52 | J126: 0.02105 | K126: =3600*J126*F126*E126*D126*C126 -> 75.78
A128: 169 | B128: 650 | C128: 1 | D128: 1 | E128: 1 | F128: 1 | G128: 0.047 | H128: =3600*G128*F128*E128*D128*C128 -> 169.2 | J128: 0.03845 | K128: =3600*J128*F128*E128*D128*C128 -> 138.42
A130: 265.5 | B130: 800 | C130: 1 | D130: 1 | E130: 1 | F130: 1 | G130: 0.0798 | H130: =3600*G130*F130*E130*D130*C130 -> 287.28 | J130: 0.0603 | K130: =3600*J130*F130*E130*D130*C130 -> 217.08
A132: 431.5 | B132: 1000 | C132: 0.91 | D132: 0.7 | E132: 1.6 | F132: 1.8 | G132: 0.12 | H132: =+G132*3600*F132*E132*D132*C132 -> 792.52992 | J132: 0.0983 | K132: =3600*J132*F132*E132*D132*C132 -> 649.21409
A134: 635.5 | B134: 1200 | C134: 0.91 | D134: 0.75 | E134: 1.6 | F134: 1.8 | G134: 0.1765 | H134: =3600*G134*F134*E134*D134*C134 -> 1248.9422 | J134: 0.1445 | K134: =3600*J134*F134*E134*D134*C134 -> 1022.5051
A136: 871 | B136: 1400 | C136: 1 | D136: 1 | E136: 1 | F136: 1 | G136: 0.242 | H136: =3600*G136*F136*E136*D136*C136 -> 871.2 | J136: 0.2 | K136: =3600*J136*F136*E136*D136*C136 -> 720
A138: 1168 | B138: 1600 | C138: 1 | D138: 1 | E138: 1 | F138: 1 | G138: 0.3245 | H138: =3600*G138*F138*E138*D138*C138 -> 1168.2 | J138: 0.2645 | K138: =3600*J138*F138*E138*D138*C138 -> 952.2
A140: 1493.5 | B140: 1800 | C140: 1 | D140: 1 | E140: 1 | F140: 1 | G140: 0.415 | H140: =3600*G140*F140*E140*D140*C140 -> 1494 | J140: 0.338 | K140: =3600*J140*F140*E140*D140*C140 -> 1216.8
A142: 1853.5 | B142: 2000 | C142: 1 | D142: 1 | E142: 1 | F142: 1 | G142: 0.515 | H142: =3600*G142*F142*E142*D142*C142 -> 1854 | J142: 0.4205 | K142: =3600*J142*F142*E142*D142*C142 -> 1513.8
A144: NA | B144: 2200 | C144: 1 | D144: 1 | E144: 1 | F144: 1 | G144: 0.6305 | H144: =3600*G144*F144*E144*D144*C144 -> 2269.8 | K144: =3600*J144*F144*E144*D144*C144 -> 0
A146: NA | B146: 2400 | C146: 1 | D146: 1 | E146: 1 | F146: 1 | G146: 0.75 | H146: =3600*G146*F146*E146*D146*C146 -> 2700 | K146: =3600*J146*F146*E146*D146*C146 -> 0
A147: NA
A148: NA | B148: 2600 | C148: 1 | D148: 1 | E148: 1 | F148: 1 | G148: 0.8875 | H148: =3600*G148*F148*E148*D148*C148 -> 3195 | K148: =3600*J148*F148*E148*D148*C148 -> 0
A149: NA
A150: NA | B150: 2800 | C150: 1 | D150: 1 | E150: 1 | F150: 1 | G150: 1.027 | H150: =3600*G150*F150*E150*D150*C150 -> 3697.2 | K150: =3600*J150*F150*E150*D150*C150 -> 0
A153: 7. Material data sheet
A156: Sl. No. | B156: Material | C156: Average weight (t/m3)
A157: 1 | B157: Coal | C157: 1
A158: 2 | B158: Coke | C158: 0.5
A159: 3 | B159: Iron Ores | C159: 2.2
A160: 4 | B160: Sinter | C160: 1.6
A161: 5 | B161: Quartzite | C161: 1.3
A162: 6 | B162: Lime Stone | C162: 1.5
A163: 7 | B163: Lime | C163: 1
A164: 8 | B164: Manganese | C164: 1.8
A165: 9 | B165: Dolomite | C165: 1.4
A166: 10 | B166: Burnt Dolomite | C166: 1
A167: 11 | B167: Slag | C167: 1.5
...

Sheet IDLER DETAILS
A4: Sl.No. | B4: CONVEYOR Description | C4: C/C (m) | D4: Carrying | E4: SAC | F4: Impact | G4: Return | H4: SAR | I4: Transition idlers (11 deg) | J4: Transition idlers (20 deg) | K4: Pull cord switches | L4: Belt sway switches | M4: Zero speed switch
A5: 1 | B5: K-11 | C5: ='INPUT SHEET'!E5 -> 60 | D5: =ROUNDUP(+(C5-0.5*F5-E5-I5-J5)/1,0) -> 45 | E5: =ROUNDUP((+C5-5-5)/15,0)+1 -> 5 | F5: 12 | G5: =ROUNDUP(+C5/3,0)-H5 -> 15 | H5: =ROUNDUP((+C5-5-5)/15,0)+1 -> 5 | I5: 2 | J5: 2 | K5: =ROUNDUP((+C5-5-5)/30,0)+1 -> 3 | L5: =ROUNDUP((+C5-5-5)/30,0)+1 -> 3 | M5: 1

Sheet POWER
A1: POWER CALCULATION FOR BELT CONVEYOR | B1: ='INPUT SHEET'!B5 -> BC-603
A2: (BASED ON IS 11592:2000)
A4: Conveyor Capacity | C4: Achievable rated capacity (tph) =
A5: Margin | B5: 1.2 | C5: ='DATA BANK'!H132 -> 792.52992
A6: Designed Qd (tph)= | B6: =B5*'INPUT SHEET'!C5 -> 1800
A7: Material: | B7: 1 | C7: CARRYING IDLER SELECTION (AS PER IPSS)
A8: Bulk density=r (t/m^3)= | B8: 0.8
A9: Pulley c/c ( L) (m): | B9: ='INPUT SHEET'!E5 -> 60 | C9: Wb= weight of belt in N/m= | D9: =+B59*B35 -> 152.73826
A10: Lift (H) (m) : | B10: ='INPUT SHEET'!D5 -> 7 | C10: Wm=weight of material in N/m= | D10: =+B61*B35 -> 1961.2
A11: Belt speed (v) (m/sec) : | B11: ='INPUT SHEET'!F5 -> 2.5 | C11: Si= idler spacing in m= | D11: 1
A12: Belt width (mm) (B) : | B12: 800 | C12: ACTUAL IDLER LOAD = IL (N) = | D12: =+(D9+D10)*D11 -> 2113.9383
A13: Ambient temp. :(t) | B13: 50 deg.C | C13: K1= | D13: 1
A14: Length of skirt : Lsk (m)= | B14: ='INPUT SHEET'!G5 -> 3 | C14: K2= | D14: 1.15
A15: Type of belt : | C15: K3= | D15: 1.2
A16: Material | B16: N/N | C16: K4= | D16: 0.9
A17: Grade | B17: HD | C17: ADJUSTED LOAD = AL (N)= | D17: =+D12*D13*D14*D15*D16 -> 2625.5113
A18: Top cover thickness (mm) | B18: 8
A19: Bottom cover thickness (mm) | B19: 3 | C19: SELECTED IDLER= | D19: 114.3
A20: Type | B20: 2 | C20: Class of Idlers= | D20: Class-III | I20: Correct Belt type | K20: 630/4
C21: Duty of idlers= | D21: Medium duty
A22: DESIGN CALCULATION | C22: SHAFT DIA. AT BEARING (mm)= | D22: 25
A24: A. MOTOR POWER & TENSION
A26: Peripheral force Te (effective tension) on the driving pulley of belt conveyor is | C26: RETURNG IDLER SELECTION (AS PER IPSS)
A27: is obtained by adding up all the resistances:
C28: Wb= weight of belt in N/m= | D28: =+D9 -> 152.73826
A29: Te=R+Rs+Rsp1+Rsp2+Rsl | C29: Si= idler spacing in m= | D29: 1
A30: 1. R= Main Resistances | C30: ACTUAL IDLER LOAD = IL (N) = | D30: =+(D28)*D29 -> 152.73826
A31: R=f*L*g*(mc+mr+(2*mB+mG)*cos d) | C31: K1= | D31: 1.1
A32: R=Main resistance in Newtons (N) | C32: K2= | D32: 1.15
A33: f= Artificial co-efficient of friction = | B33: 0.03 | C33: K3= | D33: 1.2
A34: L= Conveyor Length (m)= | B34: =+B9 -> 60 | C34: K4= | D34: 1
A35: g (m/sec^2)= | B35: 9.806 | C35: ADJUSTED LOAD = AL (N) = | D35: =+D30*D31*D32*D33*D34 -> 231.85667
A36: d (degree) = Slope angle of conveyor = | B36: 7.73
A37: cos d= | B37: =COS((B36*3.1417)/180) -> 0.99091229 | C37: SELECTED IDLER= | D37: 114.3
A38: mc= mass of revolving idler part along the carrying side of idler per set (kg/m)= | C38: Class of Idlers= | D38: Class-III
A39: Diameter of idler (mm)= | B39: 139.7 | C39: Duty of idlers= | D39: Medium duty
A40: No. of idler set= | B40: ='IDLER DETAILS'!D5+'IDLER DETAILS'!E5 -> 50 | C40: SHAFT DIA. AT BEARING (MM)= | D40: 25
A41: Wt. Of each idler= | B41: 141
A42: Wt. Of each idler set (3 idler set)= | B42: =3*B41 -> 423
A43: Diameter of impact idler= | B43: =B39 -> 139.7
A44: No. of impact idler set= | B44: ='IDLER DETAILS'!F5 -> 12
A45: Wt. Of each impact idler= | B45: 141
A46: Wt. Of each impact idler set= | B46: =3*B45 -> 423
A47: Weight of rotating parts (W)= in N | B47: =+(B40*B42+B44*B46) -> 26226
A48: Hence, mc=(kg/m) = | B48: =+(B47/B34)/B35 -> 44.57475
A49: mr= Mass of revolving idler part along the return side of the idler per set (kg/m)=
A50: Diameter of idler (mm)= | B50: =B39 -> 139.7
A51: No. of idler= | B51: ='IDLER DETAILS'!G5+'IDLER DETAILS'!H5 -> 20
A52: Wt. Of each idler= | B52: 266
A53: Weight of rotating parts (W)= in N | B53: =+B51*B52 -> 5320
A54: Hence, mr=(kg/m) = | B54: =+(B53/B9)/B35 -> 9.0420831
A55: mB= Mass of belt per m = (kg/m)=
A56: Carcass thickness (mm)= | B56: =_xlfn.XLOOKUP(K20,'DATA BANK'!A35:A39,'DATA BANK'!B35:B39) -> 6.7
A57: Top Cover thickness (mm) = | B57: =+B18 -> 8
A58: Bottom Cover thickness (mm) = | B58: =+B19 -> 3
A59: Thus, mB (kg/m)= | B59: =+(1.1*(B56+B57+B58))*(B12/1000) -> 15.576
A60: mG= Mass of handled material on conveyor per m = (kg/m)=
A61: mG= (kg/m) = | B61: =+(B6*1000)/(3600*B11) -> 200
A62: Thus, R= Main Resistance (N)= | B62: =+B33*B34*B35*(B48+B54+(2*B59+B61)*B37) -> 4989.3197
A64: 2. Rs= Secondary Resistances
A65: Rs=Ra+Rska+Rw+Rb
A66: Ra= Inertial and frictional resistance at the loading point and in accelaration area between the handled material in N
A67: Thus, Ra= Q*1000*r*(V-V0) | C67: V=Mat.speed in dir.of belt
A68: Thus, Ra (N) = | B68: =+(D69*1000*B8*(B11-0)) -> 1250 | C68: Vo= 0 m/sec
C69: Q=(m^3/sec)= | D69: =+(B6)/(3600*B8) -> 0.625
A70: Rska= Frictional resistance between handled material and skirt plates in the accleration area
A71: Rska=(m2*Q^2*1000*r*la*g)/(((V+V0)/2)^2*b1^2) | C71: m1= | D71: 0.7
C72: m2= | D72: 0.6
A73: Thus, Rska (N)= | B73: =+(D72*D69^2*1000*B8*D73*B35)/((((B11+0)/2)^2)*D74^2) -> 1883.3705 | C73: La= ((V^2-V0^2)/(2*g*m1)= | D73: =+((B11-0)^2/(2*B35*D71)) -> 0.45526063
C74: b1 (m)=(2/3)*B= | D74: =+(2/3)*(B12/1000) -> 0.53333333
A75: Rw=wrap resistance between belt and pulley (not to be calculated for drive pulleys)
A76: Rw= 9*B*(140+0.01*(Tav/B))*(t/D)=
A77: Normally, it is calculated from a table as below:- | C77: Tight side pulley = | D77: 2
A78: Rw (N) = | B78: =+(D77*B81)+(D78*B82) -> 1050 | C78: Slack side pulley= | D78: 5
A79: (Location of pulley) | B79: (Wrap resistance in N)
A80: Tight side pulley | B80: 230
A81: Slack side pulley | B81: 175
A82: All other Pulleys | B82: 140
A84: Rb=Pulley bearing resistance ( not to be calculated for drive pulleys)
A85: Rb=0.005*(d/D)*Rv
A86: Since, tension values Rv are unknown, on the basis
A87: of experience in calculation of belt conveyors, it is
A88: tentatively adopted for each non-drive pulley:
A89: Rb (N)= | B89: 100
A90: Total no. of non-drive pulleys = | B90: =+D77+D78 -> 7
A92: Thus, Rb (N) = | B92: =+(B90*B89) -> 700
A94: Thus, Secondary Resistance Rs (N): | B94: =+B92+B78+B73+B68 -> 4883.3705
A96: 3. Rsp1 = Special Main Resistance
A98: Rsp1=Ri+Rsk | C98: Ci (> 30 deg. Troughing angle) = | D98: 0.5
C99: m0= | D99: 0.4
A100: Ri=Resistance due to idler tilting= | C100: Li=length of installation equipped with tilted idler = | D100: =+B9 -> 60
A101: Ri=g*Ci*m0*Li*(mB+mG)*Cos d*Sini | C101: i (deg.)= | D101: 2
A102: (in case carrying idler equipped with these equal length rollers) | C102: sin i= | D102: =SIN((3.1417/180)*D101) -> 0.034900689
A104: Ri (N)= | B104: =+B35*D98*D99*D100*(B59+B61)*B37*D102 -> 877.28915
A105: Rsk=Resistance between handled material and skirt plate=
C106: lsk = skirt length (m)= | D106: =+B14 -> 3
A107: Rsk=(m2*Q^2*1000*r*g*lsk)/(V^2*b1^2)
A108: Rsk (N)= | B108: =+(D72*D69^2*1000*B8*B35*D106)/(B11^2*D74^2) -> 3102.6797
A110: Thus, Special Main Resistance = Rsp1 (N)= | B110: =+B108+B104 -> 3979.9688
C112: A=0.02*Lb*n1 | D112: =+D113*D114*D115 -> 0.016
...

Sheet CHUTE SIZING
B2: Conveyor Capacity
B3: Rated Qr (tph)= | C3: ='INPUT SHEET'!C5 -> 1500
B4: Designed Qd (tph)= | C4: =POWER!B6 -> 1800
B5: Bulk density=r= (t/m^3) | C5: =POWER!B8 -> 0.8
B6: Belt Speed=v (m/sec) | C6: ='INPUT SHEET'!F5 -> 2.5
B7: Cross Sectional area of chute=A (m2)=Qd/v * 3600 *r | C7: =C4/(C6*3600*C5) -> 0.25
B8: Chute dimension (one side)= 1000 * √A mm | C8: =100+SQRT(C7)*1000 -> 600
B9: Chute dimension (other side) | C9: =C8 -> 600

Sheet Sheet1
B1: Compatibility Report for Conveyor Calculation Official.xls
B2: Run on 08-06-2026 12:10
B4: If the workbook is saved in an earlier file format or opened in an earlier version of Microsoft Excel, the listed features will not be available.
B6: Significant loss of functionality | E6: No. of occurrences | F6: Version
B8: One or more cells in this workbook contain a formula that has spilled or may spill in the future. These formulas will be converted into legacy array formulas and will not spill or change dimension in older versions of Excel. | E8: 1
E9: DATA BANK'!H7 | F9: Excel 97-2003
F10: Excel 2007
F11: Excel 2010
F12: Excel 2013
F13: Excel 2016
F14: Excel 2019
B16: One or more functions or operators in this workbook are not available in earlier versions of Excel. When recalculated in earlier versions, these formulae will return a #NAME? error instead of calculated results. | E16: 3
E17: DATA BANK'!H7 | F17: Excel 97-2003
F18: Excel 2007
F19: Excel 2010
F20: Excel 2013
F21: Excel 2016
F22: Excel 2019
E23: POWER'!B56 | F23: Excel 97-2003
E24: POWER'!B39 | F24: Excel 2007
F25: Excel 2010
F26: Excel 2013
F27: Excel 2016
F28: Excel 2019
