Workbook

Sheet Belt Conveyor Motor Power
B2: IS 11592: 2000 Belt Conveyor Motor Power Calculator
B4: Parameter | C4: Symbol | D4: Value | E4: Unit
B5: Capacity | C5: C | D5: 200 | E5: t/h
B6: Material | D6: Limestone
B7: Bulk Density | C7: \rho | D7: =_xlfn.XLOOKUP(D6,'Density - IS8730'!A2:A455,'Density - IS8730'!B2:B455) -> 1.4 | E7: t/m³
B8: Lump Size | D8: Granular
B9: Abrasiveness | D9: Abrasiveness
B10: Speed Factor | D10: =(_xlfn.XLOOKUP(D8,F118:F121,G118:G121)+(_xlfn.XLOOKUP(D9,J117:J120,K117:K120))) -> 4
B11: Belt Speed | C11: V | D11: =INDEX(G132:S139,MATCH(D10,F132:F139,0),MATCH(D13,G130:S130,0)) -> 2.75 | E11: m/s
B12: Initial Velocity | C12: V_0 | D12: 0 | E12: m/s
B13: Belt Width | C13: B | D13: 800 | E13: mm
B14: Trough Angle | D14: 25 | E14: degree
B15: Surcharge Angle | D15: 30 | E15: degree
B16: Belt Width | C16: B | D16: =D13/1000 -> 0.8 | E16: m
B17: Cross-sectional area of load on belt | C17: A | D17: {=INDEX('Table 7 - Max Area'!$C$3:$H$54, MATCH(1,('Table 7 - Max Area'!$A$3:$A$54=$D$13)*('Table 7 - Max Area'!$B$3:$B$54=$D$15),0), MATCH($D$14,'Table 7 - Max Area'!$C$2:$H$2,0))} -> 0.0722 | E17: m2
B18: Conveyor Length | C18: L | D18: 109 | E18: m
B19: Lift / Elevation | C19: H | D19: 24 | E19: m
B20: Slope Angle | D20: =DEGREES(ATAN(D19/D18)) -> 12.417446 | E20: degrees
B21: Slope Factor | C21: K | D21: =_xlfn.XLOOKUP(EVEN(ROUNDUP(D20,0)),B118:B127,C118:C127) -> 0.91
B22: Working time | C22: t | D22: 10 | E22: hours
B23: Service Factor | C23: SF | D23: {=_xlfn.IFS(D22<8, 1.2, AND(D22>=8, D22<=12), 1.6, D22>12, 2)} -> 1.6
B24: Artif. Friction Coeff | C24: f | D24: 0.02 | E24: -
B25: Mass of carrying idlers | C25: m_c | D25: 20 | E25: kg/m
B26: Mass of return idlers | C26: m_r | D26: 10 | E26: kg/m
B27: Mass of belt | C27: m_B | D27: 15 | E27: kg/m
B28: Friction (Mat-Belt) | C28: \mu_1 | D28: 0.6 | E28: -
B29: Friction (Mat-Skirt) | C29: \mu_2 | D29: 0.6 | E29: -
B30: Skirt width | C30: b_1 | D30: 0.7 | E30: m
B31: Skirt length | C31: l_sk | D31: 2 | E31: m
B32: Belt Thickness | C32: t | D32: 0.015 | E32: m
B33: Pulley Diameter | C33: D | D33: 0.6 | E33: m
B34: Shaft Dia at bearing | C34: d | D34: 0.1 | E34: m
B35: Vector sum tensions | C35: R_v | D35: 20000 | E35: N
... B40: Idler Tilt Angle | C40: i | D40: 3 | E40: degrees
B41: Area of belt cleaner | C41: A_1 | D41: =((D51*(D13/1000)*(D53/1000)*D55*D43)+(D52*(D13/1000)*(D54/1000)*D56*D43))/1000000 -> 0.0014144 | E41: m²
B42: Cleaner Pressure | C42: p | D42: 30000 | E42: N/m²
B43: Friction (Belt-Cleaner) | C43: \mu_3 | D43: 0.65 | E43: -
B44: Scraping Factor | C44: K_s | D44: 1500 | E44: N/m
B45: Drive Efficiency | C45: \eta_1 | D45: 0.94 | E45: -
B46: Gravity | C46: g | D46: 9.81 | E46: m/s²
B47: Drive Coeffiecient | D47: 2.2
B48: Wrap Angle | D48: 210 | E48: degree
B49: Tight side Tension | C49: T_1 | D49: =D80*(D47/(EXP(D28*RADIANS(D48))-1)+1) -> 111.55627 | E49: N
B50: Slack side Tension | C50: T_2 | D50: =D80*(D47/(EXP(D29*RADIANS(D48))-1)) -> 24.021054 | E50: N
B51: External cleaner count | D51: 2
B52: Internal cleaner count | D52: 1
B53: External cleaner thickness | D53: 12 | E53: mm
B54: Internal cleaner thickness | D54: 16 | E54: mm
B55: External cleaner pressure | D55: 80000 | E55: N/m2
B56: Internal cleaner pressure | D56: 50000 | E56: N/m2
B63: CALCULATIONS | C63: Symbol | D63: Value | E63: Unit
B64: Conveyor Capacity | C64: C | D64: =3600*D7*D17*D11*D21 -> 910.62972 | E64: t/h
B65: Volumetric Capacity | C65: Q | D65: =D5/(3600*D7) -> 0.03968254 | E65: m³/s
B66: Mass of handled material | C66: m_G | D66: =1000*D7*D65/D11 -> 20.20202 | E66: kg/m
B67: Main Resistance | C67: R | D67: =D24*D18*D46*(D25+D26+(2*D27+D66)*COS(RADIANS(D20))) -> 1690.0692 | E67: N
B68: Slope Resistance | C68: R_SL | D68: =D66*D19*D46 -> 4756.3636 | E68: N
B69: Accel Length | C69: l_a | D69: =IF(D11>D12, (D11^2 - D12^2)/(2*D46*D28), 0) -> 0.6424142 | E69: m
B70: Accel Resist (Inertial) | C70: R_a | D70: =1000*D65*D7*(D11-D12) -> 152.77778 | E70: N
B71: Skirt Accel Resist | C71: R_ska | D71: =IF(D11>D12, (D29*(D65^2)*1000*D7*D46*D69)/((((D11+D12)/2)^2)*(D30^2)), 0) -> 8.9983083 | E71: N
B72: Wrap Resistance | C72: R_w | D72: =9*D16*(140+0.01*(D36/D16))*(D32/D33) -> 58.95 | E72: N
B73: Bearing Resistance | C73: R_b | D73: =0.005*(D34/D33)*D35 -> 16.666667 | E73: N
B74: Secondary Resistance | C74: R_s | D74: =D70+D71+D72+D73 -> 237.39275 | E74: N
B75: Idler Tilt Resist | C75: R_i | D75: =D46*D37*D38*D39*(D27+D66)*COS(RADIANS(D20))*SIN(RADIANS(D40)) -> 42.361152 | E75: N
B76: Skirt Resist (Main) | C76: R_sk | D76: =IF(D30>0, (D29*(D65^2)*1000*D7*D46*D31)/((D11^2)*(D30^2)), 0) -> 7.0035098 | E76: N
B77: Belt Cleaner Resist | C77: R_bc | D77: =D41*D42*D43 -> 27.5808 | E77: N
B78: Discharge Plough Resist | C78: R_p | D78: =D16*D44 -> 1200 | E78: N
B79: Special Resistance | C79: R_sp | D79: =D75+D76+D77+D78 -> 1276.9455 | E79: N
B80: Drive Wrap Resist | C80: R_wd | D80: =(60*D11)/(PI()*D33) -> 87.535219 | E80: N
B81: Drive Bearing Resist | C81: R_bd | D81: =D73 -> 16.666667 | E81: N
B82: Effective Tension | C82: T_E | D82: =D67+D68+D74+D79 -> 7960.7711 | E82: N
B83: Power at Drive Pulley | C83: P_DP | D83: =D82*D11/1000 -> 21.89212 | E83: kW
B84: Absorbed Power | C84: P_A | D84: =D83 + ((D80+D81)*D11/1000) -> 22.178676 | E84: kW
B85: Motor Power | C85: P_M | D85: =(D84/D45)*1.2 -> 28.313203 | E85: kW
B86: Gearbox Power | C86: P_G | D86: =D85*D23 -> 45.301125 | E86: kW
B87: Speed of Motor | C87: N_M | D87: =(60*D11)/(3.14*D34) -> 525.47771 | E87: rpm
B88: High Speed Coupling | C88: N_CH | D88: =(9550*D86)/D87 -> 823.2999 | E88: rpm
B89: Low Speed Coupling | C89: N_CL | D89: =(9550*D86)/1500 -> 288.41716 | E89: rpm
B97: Pulley Shaft Diameter
B98: Pulley Face Width | C98: L | D98: 1200 | E98: mm
B99: Resultant Pulley Load | C99: F | D99: =D49+D50 -> 135.57733 | E99: N
B100: Maximum Bending Moment | C100: M | D100: =D99*D98/4 -> 40673.198 | E100: N-mm
B101: Equivalent Torque | C101: T_eq | D101: =SQRT((2*D100)^2+(1.5*(D89*1000))^2) -> 440207.07 | E101: N-mm
B102: Allowable Shear Stress | C102: Tau | D102: 40 | E102: MPa
B103: Pulley Shaft Diameter | C103: d | D103: =((16*D101)/(PI()*D102))^(1/3) -> 38.269758 | E103: mm
B116: Table 9: Slope Factor K | F116: Table 4: Lump Size Factor | J116: Table 5: Abrasiveness Factor
B117: Inclination (Degrees) | C117: Slope Factor K | F117: Material | G117: Factor | J117: Non Abrasiveness | K117: 1
B118: 2 | C118: 1 | F118: Fine Grain to Dust | G118: 0 | J118: Mildly Abrasiveness | K118: 2
B119: 4 | C119: 0.99 | F119: Granular | G119: 1 | J119: Abrasiveness | K119: 3
B120: 6 | C120: 0.98 | F120: Sized | G120: 2 | J120: Very Abrasiveness | K120: 4
B121: 8 | C121: 0.97 | F121: Unsized | G121: 3
B122: 10 | C122: 0.95
B123: 12 | C123: 0.93
B124: 14 | C124: 0.91
B125: 16 | C125: 0.89
B126: 18 | C126: 0.85
B127: 20 | C127: 0.81
F130: Belt Width | G130: 500 | H130: 650 | I130: 800 | J130: 1000 | K130: 1200 | L130: 1400 | M130: 1600 | N130: 1800 | O130: 2000 | P130: 2200 | Q130: 2400 | R130: 2600 | S130: 2800
F131: Speed Factor
F132: 1 | G132: 2.5 | H132: 3 | I132: 3.5 | J132: 4 | K132: 4.5 | L132: 4.5 | M132: 4.5 | N132: 4.5 | O132: 4.5 | P132: 4.5 | Q132: 4.5 | R132: 4.5 | S132: 4.5
F133: 2 | G133: 2.3 | H133: 2.75 | I133: 3.2 | J133: 3.65 | K133: 4.12 | L133: 4.12 | M133: 4.12 | N133: 4.12 | O133: 4.12 | P133: 4.12 | Q133: 4.12 | R133: 4.12 | S133: 4.12
...

Sheet Density - IS8730
A1: Material | B1: Average Bulk Density, t/m³
A2: Adipic acid | B2: 0.72
A3: Alfalfa seed | B3: 0.2
A4: Alfalfa meal | B4: 0.272
A5: Almonds, broken or whole | B5: 0.464
A6: Alum, fine | B6: 0.76
A7: Alum, lumpy | B7: 0.88
A8: Alum, pulverised | B8: 0.76
A9: Alumina | B9: 0.92
A10: Aluminate jell | B10: 0.72
A11: Aluminium chips | B11: 0.175
A12: Aluminium hydrate | B12: 0.288
A13: Aluminium oxide | B13: 1.5
... A455: Zinc oxide, light | B455: 0.2

Sheet Table 7 - Max Area
A1: Belt Width (mm) | B1: Surcharge Angle | C1: Trough Angle
C2: 20 | D2: 25 | E2: 30 | F2: 35 | G2: 40 | H2: 45 | J2: Belt Width | K2: ='Belt Conveyor Motor Power'!D13 -> 800
A3: 500 | B3: 0 | C3: 0.0098 | D3: 0.012 | E3: 0.0139 | F3: 0.0157 | G3: 0.0173 | H3: 0.0186 | J3: Trough Angle | K3: ='Belt Conveyor Motor Power'!D14 -> 25
A4: 500 | B4: 10 | C4: 0.0142 | D4: 0.0162 | E4: 0.018 | F4: 0.0196 | G4: 0.021 | H4: 0.022 | J4: Surcharge Angle | K4: ='Belt Conveyor Motor Power'!D15 -> 30
A5: 500 | B5: 20 | C5: 0.0187 | D5: 0.0206 | E5: 0.0222 | F5: 0.0236 | G5: 0.0247 | H5: 0.0256
A6: 500 | B6: 30 | C6: 0.0234 | D6: 0.0252 | E6: 0.0266 | F6: 0.0278 | G6: 0.0287 | H6: 0.0293
A7: 650 | B7: 0 | C7: 0.0184 | D7: 0.0224 | E7: 0.026 | F7: 0.0294 | G7: 0.0322 | H7: 0.0347 | J7: Area | K7: {=INDEX($C$3:$H$54,MATCH(1,($A$2:$A$54=K2)*($B$2:$B$54=K4),0),MATCH(K3,$C$2:$H$2,0))} -> 0.0582 | L7: m2
A8: 650 | B8: 10 | C8: 0.0262 | D8: 0.0299 | E8: 0.0332 | F8: 0.0362 | G8: 0.0386 | H8: 0.0407
A9: 650 | B9: 20 | C9: 0.0342 | D9: 0.0377 | E9: 0.0406 | F9: 0.0433 | G9: 0.0453 | H9: 0.0469
A10: 650 | B10: 30 | C10: 0.0427 | D10: 0.0459 | E10: 0.0484 | F10: 0.0507 | G10: 0.0523 | H10: 0.0534
A11: 800 | B11: 0 | C11: 0.0279 | D11: 0.0344 | E11: 0.0402 | F11: 0.0454 | G11: 0.05 | H11: 0.054
A12: 800 | B12: 10 | C12: 0.0405 | D12: 0.0466 | E12: 0.0518 | F12: 0.0564 | G12: 0.0603 | H12: 0.0636
A13: 800 | B13: 20 | C13: 0.0535 | D13: 0.0591 | E13: 0.0638 | F13: 0.0678 | G13: 0.0707 | H13: 0.0736
A14: 800 | B14: 30 | C14: 0.0671 | D14: 0.0722 | E14: 0.0763 | F14: 0.0798 | G14: 0.0822 | H14: 0.084
A15: 1000 | B15: 0 | C15: 0.0478 | D15: 0.0582 | E15: 0.0677 | F15: 0.0763 | G15: 0.0838 | H15: 0.0898
A16: 1000 | B16: 10 | C16: 0.0674 | D16: 0.0771 | E16: 0.0857 | F16: 0.0933 | G16: 0.0998 | H16: 0.105
A17: 1000 | B17: 20 | C17: 0.0876 | D17: 0.0966 | E17: 0.104 | F17: 0.111 | G17: 0.116 | H17: 0.12
A18: 1000 | B18: 30 | C18: 0.109 | D18: 0.117 | E18: 0.134 | F18: 0.129 | G18: 0.134 | H18: 0.136
A19: 1200 | B19: 0 | C19: 0.07 | D19: 0.085 | E19: 0.099 | F19: 0.112 | G19: 0.123 | H19: 0.132
... A54: 2800 | B54: 30 | C54: 0.928 | D54: 0.998 | E54: 1.063 | F54: 1.104 | G54: 1.137 | H54: 1.158
